folder;original_filename;destination_filename
KM023050122042101;66_HGB_KEM-ATR_BPN_2018.PDF;KM023050122042101001.PDF
KM023050122042101;66_HGB_KEM-ATR_BPN_2018.rar;KM023050122042101002.rar
KM023050122042101;67_HGB_KEM-ATR_BPN_2018.PDF;KM023050122042101003.PDF
KM023050122042101;68_HGB_KEM-ATR_BPN_2018.PDF;KM023050122042101004.PDF
KM023050122042101;69_HGB_KEM-ATR_BPN_2018.PDF;KM023050122042101005.PDF
KM023050122042101;70_HGB_KEM-ATR_BPN_2018.PDF;KM023050122042101006.PDF
KM023050122042101;71_HGB_KEM-ATR_BPN_2018.PDF;KM023050122042101007.PDF
KM023050122042101;72_HGB_KEM-ATR_BPN_2018.PDF;KM023050122042101008.PDF
KM023050122042101;73_HGB_KEM-ATR_BPN_2018.PDF;KM023050122042101009.PDF
KM023050122042102;74_HGB_KEM-ATR_BPN_2018.PDF;KM023050122042102001.PDF
KM023050122042102;75_HGB_KEM-ATR_BPN_2018.PDF;KM023050122042102002.PDF
KM023050122042102;76_HGB_KEM-ATR_BPN_2018.PDF;KM023050122042102003.PDF
KM023050122042102;78_HGB_KEM-ATR_BPN_2018.PDF;KM023050122042102004.PDF
KM023050122042102;79_HGB_KEM-ATR_BPN_2018.PDF;KM023050122042102005.PDF
KM023050122042103;84_HGB_KEM-ATR_BPN_2018.PDF;KM023050122042103001.PDF
KM023050122042103;85_HGB_KEM-ATR_BPN_2018.PDF;KM023050122042103002.PDF
KM023050122042104;6_HGB_KEM-ATR_BPN_2019.PDF;KM023050122042104001.PDF
KM023050122042105;18_HGB_KEM-ATR_BPN_2019.PDF;KM023050122042105001.PDF
KM023050122042105;20_HGB_KEM-ATR_BPN_2019.PDF;KM023050122042105002.PDF
KM023050122042105;22_HGB_KEM-ATR_BPN_2019.PDF;KM023050122042105003.PDF
KM023050122042105;23_HGB_KEM-ATR_BPN_2019.PDF;KM023050122042105004.PDF
KM023050122042105;24_HGB_KEM-ATR_BPN_2019.PDF;KM023050122042105005.PDF
KM023050122042105;25_HGB_KEM-ATR_BPN_2019.PDF;KM023050122042105006.PDF
KM023050122042106;27_HGB_KEM-ATR_BPN_2019.PDF;KM023050122042106001.PDF
KM023050122042106;29_HGB_KEM-ATR_BPN_2019.PDF;KM023050122042106002.PDF
KM023050122042106;30_HGB_KEM-ATR_BPN_2019.PDF;KM023050122042106003.PDF
KM023050122042106;31_HGB_KEM-ATR_BPN_2019.PDF;KM023050122042106004.PDF
KM023050122042107;34_HGB_KEM-ATR_BPN_2019.PDF;KM023050122042107001.PDF
KM023050122042107;35_HGB_KEM-ATR_BPN_2019.PDF;KM023050122042107002.PDF
KM023050122042107;36_HGB_KEM-ATR_BPN_2019 (perbaikan).PDF;KM023050122042107003.PDF
KM023050122042107;36_HGB_KEM-ATR_BPN_2019.PDF;KM023050122042107004.PDF
KM023050122042107;37_HGB_KEM-ATR_BPN_2019.PDF;KM023050122042107005.PDF
KM023050122042107;38_HGB_KEM-ATR_BPN_2019.PDF;KM023050122042107006.PDF
KM023050122042108;39_HGB_KEM-ATR_BPN_2019.PDF;KM023050122042108001.PDF
KM023050122042108;40_HGB_KEM-ATR_BPN_2019.PDF;KM023050122042108002.PDF
KM023050122042108;41_HGB_KEM-ATR_BPN_2019.PDF;KM023050122042108003.PDF
KM023050122042108;42_HGB_KEM-ATR_BPN_2019.PDF;KM023050122042108004.PDF
KM023050122042108;43_HGB_KEM-ATR_BPN_2019.PDF;KM023050122042108005.PDF
KM023050122042109;44_HGB_KEM-ATR_BPN_2019.PDF;KM023050122042109001.PDF
KM023050122042109;46_HGB_KEM-ATR_BPN_2019.PDF;KM023050122042109002.PDF
KM023050122042109;47_HGB_KEM-ATR_BPN_2019.PDF;KM023050122042109003.PDF
KM023050122042109;48_HGB_KEM-ATR_BPN_2019.PDF;KM023050122042109004.PDF
KM023050122042201;49_HGB_KEM-ATR_BPN_2019.PDF;KM023050122042201001.PDF
KM023050122042201;50_HGB_KEM-ATR_BPN_2019.PDF;KM023050122042201002.PDF
KM023050122042201;51_HGB_KEM-ATR_BPN_2019.PDF;KM023050122042201003.PDF
KM023050122042201;52_HGB_KEM-ATR_BPN_2019.PDF;KM023050122042201004.PDF
KM023050122042201;53_HGB_KEM-ATR_BPN_2019.PDF;KM023050122042201005.PDF
KM023050122042201;54_HGB_KEM-ATR_BPN_2019.PDF;KM023050122042201006.PDF
KM023050122042201;55_HGB_KEM-ATR_BPN_2019.PDF;KM023050122042201007.PDF
KM023050122042201;56_HGB_KEM-ATR_BPN_2019.PDF;KM023050122042201008.PDF
KM023050122042201;57_HGB_KEM-ATR_BPN_2019.PDF;KM023050122042201009.PDF
KM023050122042202;58_HGB_KEM-ATR_BPN_2019.PDF;KM023050122042202001.PDF
KM023050122042202;59_HGB_KEM-ATR_BPN_2019.PDF;KM023050122042202002.PDF
KM023050122042202;60_HGB_KEM-ATR_BPN_2019.PDF;KM023050122042202003.PDF
KM023050122042202;61_HGB_KEM-ATR_BPN_2019.PDF;KM023050122042202004.PDF
KM023050122042202;62_HGB_KEM-ATR_BPN_2019.PDF;KM023050122042202005.PDF
KM023050122042202;63_HGB_KEM-ATR_BPN_2019.PDF;KM023050122042202006.PDF
KM023050122042202;64_HGB_KEM-ATR_BPN_2019.PDF;KM023050122042202007.PDF
KM023050122042202;65_HGB_KEM-ATR_BPN_2019.PDF;KM023050122042202008.PDF
KM023050122042202;66_HGB_KEM-ATR_BPN_2019.PDF;KM023050122042202009.PDF
KM023050122042202;67_HGB_KEM-ATR_BPN_2019.PDF;KM023050122042202010.PDF
KM023050122042202;69_HGB_KEM-ATR_BPN_2019.PDF;KM023050122042202011.PDF
KM023050122042202;70_HGB_KEM-ATR_BPN_2019.PDF;KM023050122042202012.PDF
KM023050122042202;71_HGB_KEM-ATR_BPN_2019.PDF;KM023050122042202013.PDF
KM023050122042202;73_HGB_KEM-ATR_BPN_2019.PDF;KM023050122042202014.PDF
KM023050122042202;74_HGB_KEM-ATR_BPN_2019.PDF;KM023050122042202015.PDF
KM023050122042202;75_HGB_KEM-ATR_BPN_2019.PDF;KM023050122042202016.PDF
KM023050122042203;76_HGB_KEM-ATR_BPN_2019.PDF;KM023050122042203001.PDF
KM023050122042203;78_HGB_KEM-ATR_BPN_2019.PDF;KM023050122042203002.PDF
KM023050122042203;80_HGB_KEM-ATR_BPN_2019.PDF;KM023050122042203003.PDF
KM023050122042203;81_HGB_KEM-ATR_BPN_2019.PDF;KM023050122042203004.PDF
KM023050122042203;82_HGB_KEM-ATR_BPN_2019.PDF;KM023050122042203005.PDF
KM023050122042204;83_HGB_KEM-ATR_BPN_2019.PDF;KM023050122042204001.PDF
KM023050122042204;84_HGB_KEM-ATR_BPN_2019.PDF;KM023050122042204002.PDF
KM023050122042204;85_HGB_KEM-ATR_BPN_2019.PDF;KM023050122042204003.PDF
KM023050122042701;10_HGB_KEM-ATR_BPN_2020.PDF;KM023050122042701001.PDF
KM023050122042701;11_HGB_KEM-ATR_BPN_2020.PDF;KM023050122042701002.PDF
KM023050122042701;12_HGB_KEM-ATR_BPN_2020.PDF;KM023050122042701003.PDF
KM023050122042701;13_HGB_KEM-ATR_BPN_2020.PDF;KM023050122042701004.PDF
KM023050122042701;14_HGB_KEM-ATR_BPN_2020.PDF;KM023050122042701005.PDF
KM023050122042702;15_HGB_KEM-ATR_BPN_2020.PDF;KM023050122042702001.PDF
KM023050122042702;16_HGB_KEM-ATR_BPN_2020.PDF;KM023050122042702002.PDF
KM023050122042702;17_HGB_KEM-ATR_BPN_2020.PDF;KM023050122042702003.PDF
KM023050122042702;18_HGB_KEM-ATR_BPN_2020.PDF;KM023050122042702004.PDF
KM023050122042702;19_HGB_KEM-ATR_BPN_2020.PDF;KM023050122042702005.PDF
KM023050122042702;20_HGB_KEM-ATR_BPN_2020.PDF;KM023050122042702006.PDF
KM023050122042702;21_HGB_KEM-ATR_BPN_2020.PDF;KM023050122042702007.PDF
KM023050122042702;22_HGB_KEM-ATR_BPN_2020.PDF;KM023050122042702008.PDF
KM023050122042703;23_HGB_KEM-ATR_BPN_2020.PDF;KM023050122042703001.PDF
KM023050122042703;24_HGB_KEM-ATR_BPN_2020.PDF;KM023050122042703002.PDF
KM023050122042703;25_HGB_KEM-ATR_BPN_2020.PDF;KM023050122042703003.PDF
KM023050122042703;26_HGB_KEM-ATR_BPN_2020.PDF;KM023050122042703004.PDF
KM023050122042703;27_HGB_KEM-ATR_BPN_2020.PDF;KM023050122042703005.PDF
KM023050122042703;28_HGB_KEM-ATR_BPN_2020.PDF;KM023050122042703006.PDF
KM023050122042703;29_HGB_KEM-ATR_BPN_2020.PDF;KM023050122042703007.PDF
KM023050122042703;31_HGB_KEM-ATR_BPN_2020.PDF;KM023050122042703008.PDF
KM023050122042704;30_HGB_KEM-ATR_BPN_2020.PDF;KM023050122042704001.PDF
KM023050122042704;32_HGB_KEM-ATR_BPN_2020.PDF;KM023050122042704002.PDF
KM023050122042704;33_HGB_KEM-ATR_BPN_2020.PDF;KM023050122042704003.PDF
KM023050122042704;34_HGB_KEM-ATR_BPN_2020.PDF;KM023050122042704004.PDF
KM023050122042705;35_HGB_KEM-ATR_BPN_2020.PDF;KM023050122042705001.PDF
KM023050122042705;40_HGB_KEM-ATR_BPN_2020.PDF;KM023050122042705002.PDF
KM023050122042705;41_HGB_KEM-ATR_BPN_2020.PDF;KM023050122042705003.PDF
KM023050122042705;42_HGB_KEM-ATR_BPN_2020.PDF;KM023050122042705004.PDF
KM023050122042706;43_HGB_KEM-ATR_BPN_2020.PDF;KM023050122042706001.PDF
KM023050122042706;44_HGB_KEM-ATR_BPN_2020.PDF;KM023050122042706002.PDF
KM023050122042706;46_HGB_KEM-ATR_BPN_2020.PDF;KM023050122042706003.PDF
KM023050122042707;61_HGB_KEM-ATR_BPN_2019.PDF;KM023050122042707001.PDF
KM023050122042708;65_HGB_KEM-ATR_BPN_2020.PDF;KM023050122042708001.PDF
KM023050122042708;66_HGB_KEM-ATR_BPN_2020.PDF;KM023050122042708002.PDF
KM023050122042708;68_HGB_KEM-ATR_BPN_2020.PDF;KM023050122042708003.PDF
KM023050122042708;69_HGB_KEM-ATR_BPN_2020.PDF;KM023050122042708004.PDF
